titulo,empresa,enlace,ubicacion,estado,salario
Programador/a Java Junior,CAS TRAINING,https://www.tecnoempleo.comhttps://www.tecnoempleo.com/programador-java-junior-cas-training/html-css/rf-a699141aa23223130f41,Madrid,Nueva,24.000€ - 27.000€ b/a
Data Scientist & SAP S/4HANA,Segula Technologies,https://www.tecnoempleo.comhttps://www.tecnoempleo.com/data-scientist-sap-s-4hana-segula-technologies/python-pytorch/rf-30681f22d2afb3a55b4e,Madrid,Nueva,
Programador Big Data. Teletrabajo,Second Window,https://www.tecnoempleo.comhttps://www.tecnoempleo.com/programador-big-data-teletrabajo-second-window/spark-python-sql-ci-cd-powe/rf-054d17b2d2dbe398984d,Madrid,Actualizada,
Data Scientist,Akkodis,https://www.tecnoempleo.comhttps://www.tecnoempleo.com/data-scientist-akkodis/python-pyspark/rf-d1fa1bd0725c337bc74f,Madrid,Actualizada,
Desarrollador/a PYTHON,Akkodis,https://www.tecnoempleo.comhttps://www.tecnoempleo.com/desarrollador-python-akkodis/python-sql/rf-e1121a56526bd357c849,Barcelona,Actualizada,
Senior Software Engineer,AstraZeneca,https://www.tecnoempleo.comhttps://www.tecnoempleo.com/senior-software-engineer-astrazeneca/typescript-java-python/rf-03891a02b2eb434ab643,Barcelona,Actualizada,
Data Developer (Spark y Python),Arelance,https://www.tecnoempleo.comhttps://www.tecnoempleo.com/data-developer-spark-python-arelance/python-spark-aws-sql-git-jenkins/rf-99631521129ef3a2e646,100% remoto,Actualizada,27.000€ - 33.000€ b/a
Ingeniero QA (Automatización),Arelance,https://www.tecnoempleo.comhttps://www.tecnoempleo.com/ingeniero-qa-automatizacion-arelance/python-pytest/rf-243d1197320283155443,100% remoto,Actualizada,33.000€ - 36.000€ b/a
Desarrollador/a power bi,CAS TRAINING,https://www.tecnoempleo.comhttps://www.tecnoempleo.com/desarrollador-power-bi-cas-training/powerbi-sql/rf-8ae819886273138df94a,Madrid,Actualizada,24.000€ - 30.000€ b/a
Programadores Python con Inglés,Seltime,https://www.tecnoempleo.comhttps://www.tecnoempleo.com/programadores-python-con-ingles-seltime/aws-power-bi/rf-88ea1cca129ba3965542,100% remoto,Actualizada,30.000€ - 39.000€ b/a
Power BI Developer,Talan,https://www.tecnoempleo.comhttps://www.tecnoempleo.com/power-bi-developer-talan/power-bi-python/rf-c56a1b7cd2f9b3460e46,Málaga,Actualizada,
Senior Python Engineer,Accenture,https://www.tecnoempleo.comhttps://www.tecnoempleo.com/senior-python-engineer-accenture/python/rf-027311ca22ac03348c42,Madrid,Actualizada,
Senior Data Analyst Marketing,Wallapop,https://www.tecnoempleo.comhttps://www.tecnoempleo.com/senior-data-analyst-marketing-wallapop/python-sql/rf-98b4109e229fe3018e42,Barcelona,Actualizada,
Senior Google Cloud GenAI,Devoteam,https://www.tecnoempleo.comhttps://www.tecnoempleo.com/senior-google-cloud-genai-devoteam/langchain-vertex/rf-1f6d1ba722b223fde24f,Madrid,Actualizada,
Data Scientist Expert - SCIB Madrid,Santander,https://www.tecnoempleo.comhttps://www.tecnoempleo.com/data-scientist-expert-scib-madrid-santander/python-genai/rf-1a2718d732b6f37f6b49,Madrid,Actualizada,
Senior DevOps Engineer (Data/AI),AstraZeneca,https://www.tecnoempleo.comhttps://www.tecnoempleo.com/senior-devops-engineer-data-ai-astrazeneca/ci-cd-python/rf-ecbf12619200c3401b43,Barcelona,Actualizada,
Profesor en Tecnologías,Universidad San Jorge,https://www.tecnoempleo.comhttps://www.tecnoempleo.com/profesor-en-tecnologias-universidad-san-jorge/python/rf-89701e097233b3496a4a,Zaragoza,Actualizada,
Programmer Java,GlobalSysInfo,https://www.tecnoempleo.comhttps://www.tecnoempleo.com/programmer-java-globalsysinfo/activeviam-olap-cube/rf-7994115032ae533e644a,Madrid,Actualizada,
SAS Visual Analytics,Krell Consulting & Training,https://www.tecnoempleo.comhttps://www.tecnoempleo.com/sas-visual-analytics-krell-consulting-training/sas-visual-analytics-oracle/rf-8ec811683259e345c540,Madrid,Actualizada,21.000€ - 27.000€ b/a
[IM] Engineer AWS Cloud English,GlobalSysInfo,https://www.tecnoempleo.comhttps://www.tecnoempleo.com/im-engineer-aws-cloud-english-globalsysinfo/terraform-python/rf-0c7811e652d5d3ecc949,100% remoto,Actualizada,
Data Scientist - IA,Arelance,https://www.tecnoempleo.comhttps://www.tecnoempleo.com/data-scientist-ia-arelance/inteligencia-artificial-python/rf-4c8f1bed0252a3ecb84a,100% remoto,Actualizada,30.000€ - 36.000€ b/a
Engineer DevOps English,GlobalSysInfo,https://www.tecnoempleo.comhttps://www.tecnoempleo.com/engineer-devops-english-globalsysinfo/jenkins-groovy/rf-046e1236b26dd3917c4e,100% remoto,Actualizada,
Data AWS,CAS TRAINING,https://www.tecnoempleo.comhttps://www.tecnoempleo.com/data-aws-cas-training/devops-terraform/rf-d1f315575297a3b97a4e,100% remoto,Actualizada,33.000€ - 39.000€ b/a
[IS] Systems administrator Unix/Linux,GlobalSysInfo,https://www.tecnoempleo.comhttps://www.tecnoempleo.com/is-systems-administrator-unix-linux-globalsysinfo/nagios-grafana/rf-ebd5177cf25b434bc242,100% remoto,Actualizada,
Desarrollador Qualtrics,EY,https://www.tecnoempleo.comhttps://www.tecnoempleo.com/desarrollador-qualtrics-ey/python/rf-a4f717bbd286430fb149,Madrid,Actualizada,
Software Engineer,HAYS,https://www.tecnoempleo.comhttps://www.tecnoempleo.com/software-engineer-hays/python-pydantic/rf-8a4719b922fd9363a848,Barcelona,Actualizada,
Técnico de Sistemas ERP,Michael Page,https://www.tecnoempleo.comhttps://www.tecnoempleo.com/tecnico-sistemas-erp-michael-page/j2ee-python/rf-70f61f7da2518344cc47,Madrid,Actualizada,18.000€ - 24.000€ b/a
Data Engineer + Backend,Plexus,https://www.tecnoempleo.comhttps://www.tecnoempleo.com/data-engineer-backend-plexus/java-spring-boot/rf-0bc8118df25b13c38649,Madrid,Actualizada,
IT Security Expert,Nestle,https://www.tecnoempleo.comhttps://www.tecnoempleo.com/it-security-expert-nestle/ciberseguridad-python/rf-d8ca1eb72220535e3242,Madrid,Actualizada,
Python Developer Analyst,Santander,https://www.tecnoempleo.comhttps://www.tecnoempleo.com/python-developer-analyst-santander/unix-sql/rf-9e131f38023613a4aa44,Madrid,Actualizada,
